Episode,Reward,Average Loss,Completed
Episode,Reward,Average Loss,Completed
1,1527.5519999999983,0.0,False
2,163.127,0.0,False
3,670.1159999999998,0.0,False
4,1606.3270000000045,0.0,False
5,140.35699999999997,0.0,False
6,151.59300000000002,0.0,False
7,513.2939999999998,0.0,False
8,3053.425000000025,0.0,False
